customerid|customer_name|company|personel_number|comment|city|region|zipcode
7497A06A-BADA-2F1D-2939-B66693277EC4|Quinn Craft|Turpis Nulla Foundation|16211011-3079|nonummy ipsum non arcu.|Bozeman|MT|55063
A6C0EDD5-1D66-787C-19AD-21EEC1BA0CA6|Thane Howe|Montes Nascetur Ridiculus Corp.|16380529-9322|porttitor tellus non magna.|Kearney|NE|63545
80D434C6-73D9-E536-35F6-3AE8FA67867B|Eric Patel|Vestibulum Mauris Magna Corporation|16590229-3959|Vivamus euismod urna. Nullam lobortis|Olathe|KS|59710
412F23E4-080C-455B-2F25-E7199638AF74|Sonia Nielsen|Semper Limited|16480911-8955|Aliquam vulputate|Laramie|WY|98080
90BC96D0-BC4E-904B-34B2-F30827DEAADB|Tarik Pruitt|Cursus A Corp.|16990404-5185|gravida non, sollicitudin|Chandler|AZ|86899
A7D5876E-E6D6-5DB9-ADD5-9297D8B2E22B|Daryl Sharpe|Vestibulum Associates|16340726-6935|tortor at risus.|Clarksville|TN|61436
80132FFA-1DC2-F4F2-7E40-4DDE6A71F7A6|Ocean Salazar|Ligula Limited|16750923-6092|velit. Quisque varius. Nam|Chicago|IL|73536
CA0707E5-5153-199F-B8CD-B1279DB43A66|Marsden Burns|Donec Associates|16831113-6629|vulputate, nisi sem|Billings|MT|30088
B707235D-E3D5-751C-3F7C-C7A5B907E57A|Craig Conley|Non Lorem Vitae Inc.|16170630-6527|magna. Ut tincidunt orci quis|Burlington|VT|91511
3BFE688C-F525-5C0A-36AD-103C2B36B1ED|Carol Mathis|Ipsum Nunc Id LLC|16030411-7732|dictum eleifend, nunc|Reno|NV|58364
DA687AE6-534F-7BA6-AC1D-F07A3A112F23|Vladimir Delgado|Quam Vel Inc.|16751230-0737|Etiam|Toledo|OH|48717
2233E26C-FF50-AEE5-C0DA-B99EE2133681|Nyssa Ferrell|Nec Leo Morbi Company|16720505-5820|quam|Duluth|MN|76617
83892516-2C95-7BF7-78BE-8AF2E7B821BB|Nita Nunez|Nec Urna Suscipit LLC|16171111-9568|nunc|Newark|DE|37003
D4CABB2E-C964-0847-B8F2-09CF6B8FD854|Bevis Cherry|At Institute|16390914-4036|dolor.|Broken Arrow|OK|39771
AE19E307-5030-FA67-CA58-C68E24DDC89D|Britanney Pittman|Id Ante LLC|16240726-3900|scelerisque neque. Nullam nisl.|Lansing|MI|98075
35F86D6E-69BF-AD2A-A156-6F66BD796FFF|Clarke Faulkner|Tempor Diam Institute|16510521-7409|pede nec|Broken Arrow|OK|47641
2AE89BFF-4B7B-78ED-CC2E-CA59E468B21A|Fleur Marshall|Nec Luctus Inc.|16350926-3608|Nunc laoreet lectus quis|Clarksville|TN|10485
4FAE6A56-BAC6-B157-D6E1-95D716DCBD08|Tana Moses|Egestas Hendrerit Neque Corporation|16851230-1451|mollis.|Jefferson City|MO|31366
6455DAAF-DA3F-9531-1F09-EC8D9223D9EB|Armando Hardin|Consequat PC|16521223-5484|vel, faucibus id,|Broken Arrow|OK|57003
7A33AE5C-256F-AA8F-B339-EFAB5CE5255D|Zenia Nixon|Quis Urna Institute|16571016-1711|ut cursus|Idaho Falls|ID|43825
FCD04D1B-4DB4-8B61-3BB4-C0FCAB9E3679|Maggy Whitehead|Vulputate Velit Eu Incorporated|16170311-5111|mauris, aliquam eu,|Topeka|KS|33841
A5DEAEE4-5605-D67E-E043-799FAFAE1C79|Mercedes Alston|A Institute|16310916-7696|tellus. Aenean egestas hendrerit|Billings|MT|36396
2C891D53-C322-07C2-B976-BF48046D5E0D|Stone Howard|Mauris Suspendisse Aliquet Inc.|16401217-6402|Fusce aliquet magna a neque.|Springfield|MO|56429
2402ED4E-A2A9-E3B4-1B80-1E92EFB8E845|Caryn Michael|Tincidunt Pede Company|16891125-4038|Mauris nulla. Integer|Jefferson City|MO|46860
5CBE4379-174C-2535-B9F7-B9FB3DC54D89|Allen Potter|Arcu Iaculis PC|16700510-2400|mauris ipsum|San Francisco|CA|93832
152A468D-E5BC-DF78-2AD7-E313D3C2E29D|Phyllis Petersen|Placerat Incorporated|16170625-3141|cursus|Grand Island|NE|79896
1099C29D-5B2F-772E-5D1E-A758331C36E8|Dalton Hinton|Sed Pede Cum Incorporated|16760913-5186|lorem, vehicula et, rutrum|Miami|FL|93880
13FA5AF0-CA1D-DF18-A91E-802570233EB3|Myra Robinson|Egestas Corporation|16870716-2395|amet ante. Vivamus non lorem|Lafayette|LA|85292
6A9AAE16-8268-39DE-9DC0-7A118B10FE5D|Sandra Alvarado|Enim Commodo Hendrerit Associates|16600527-4342|eu lacus. Quisque imperdiet, erat|Fayetteville|AR|72929
38046BE6-9314-5F29-6757-59DB108C7335|Stuart Osborn|Consequat Auctor Nunc Ltd|16780623-2059|Duis elementum, dui quis accumsan|Montgomery|AL|36405
80CA48A4-5A3B-148D-19DE-27AC72796F9B|Xyla Cote|Ultrices Duis Corporation|16031106-3705|nisi. Aenean eget metus. In|Broken Arrow|OK|31000
30BC78CC-3857-F7C0-7C4A-BC0356022A01|Hannah Ross|Sem Company|16561112-0873|non, feugiat nec,|South Bend|IN|19340
D928B081-91C0-09AB-A7C2-D624562FD40E|Kellie Gibbs|Blandit Associates|16670912-6764|metus vitae|Wichita|KS|38767
59051745-120A-9052-7C80-A352C569C1D2|Rosalyn Solomon|Sed Facilisis LLC|16191222-9539|magnis|Casper|WY|29439
FA406018-C725-D442-B4B0-56E5A9E56639|Julian Chan|Sagittis Placerat Cras Corporation|16130429-0198|Duis risus odio, auctor|Reading|PA|84671
39A50580-B7EF-51D6-65ED-DC26D907E872|Grace Murphy|Iaculis Odio Company|16920425-1293|commodo at,|Southaven|MS|22507
7AFEF397-F4CE-A657-C90A-A2C930903451|Kylan Hartman|Pellentesque Eget Dictum Foundation|16521022-4555|orci. Ut sagittis|Wilmington|DE|25040
6FE907C0-2492-B751-BD81-5AA3AFA01A5D|Kathleen Mcknight|Eu Incorporated|16720327-7129|orci. Phasellus dapibus quam|Laramie|WY|73604
95A23B48-D65A-83C3-03D2-9319CB4BBC87|Jessamine Carter|Dapibus PC|16331125-7244|metus.|Lexington|KY|20987
40FCDB80-9F9A-0337-BD22-777640356697|Gabriel Sharp|Diam Duis Mi Inc.|16670707-6581|amet|Frankfort|KY|82542
9D9B98DB-1E05-23E1-EE75-5378849A0B78|Peter Odonnell|Magna Consulting|16600528-9324|purus. Nullam|Jefferson City|MO|41291
40DACBFD-4B64-95EE-A3D0-A9782B22AFDC|Matthew Baxter|Id Erat Etiam LLP|16780612-0213|nulla magna, malesuada vel,|Mesa|AZ|85524
B2810BA8-6DA0-9EAD-62F7-AD9B471F6DD4|Emmanuel Vasquez|Morbi Neque Ltd|16460901-5310|tellus justo sit amet|Lakewood|CO|65621
3886C11D-CE3C-A782-DFBA-47809F5F5948|Orla Carson|Pellentesque Habitant Morbi Corporation|16441023-2500|a feugiat tellus lorem|Newport News|VA|45853
B0A8E7F1-7502-ECBA-FAB5-13578F69605C|Dahlia Barnes|Ullamcorper Nisl Associates|16170101-3615|bibendum|Indianapolis|IN|30671
A072D5F5-ECE1-713C-97D4-21D913440D48|Luke Fisher|Dolor Dapibus Gravida Associates|16090324-2568|consectetuer adipiscing elit.|Auburn|ME|70719
B8388B4C-973A-B4A2-5A05-310F658198A2|Camille Kelly|Consectetuer Adipiscing Associates|16600527-6115|mauris a nunc. In|College|AK|99834
604F31C4-4601-ED79-3E68-FBFFAB9F12A0|Seth James|Posuere Enim LLP|16800930-7763|Duis|Helena|MT|19699
50BFAAFF-0E80-1FA1-F4AA-177A7BD087F4|Abbot Henson|Tellus Suspendisse Corporation|16700414-7562|feugiat.|South Burlington|VT|26354
EFB5A52E-9D9B-E394-3AAF-D8CBD3580CA8|Dale Herman|Accumsan Limited|16580305-3999|ac, fermentum vel,|Juneau|AK|99711
A9DF16C9-8690-5CEF-D306-6AAD18C052AE|Karen Montoya|Semper Erat In Limited|16741029-1616|dictum|Hartford|CT|87427
BC4FE591-1551-E585-B007-1C1A07219A89|Wilma Houston|Donec PC|16421004-1028|Mauris molestie pharetra|New Orleans|LA|85781
D17DE0AA-B2B9-6A07-3C9A-949813D12158|Heather Langley|Mauris Ut Mi Associates|16021210-7643|odio semper cursus.|Waterbury|CT|42513
AFD88576-8A26-2F26-F290-62D003B38A08|Kaden Lester|Magna Incorporated|16141107-7249|Suspendisse|Lafayette|LA|76006
B3F5659C-1FED-7689-0716-868C2560B7BE|Blossom Mathis|Sem Mollis Dui Limited|16151227-7326|tincidunt orci quis lectus.|Fayetteville|AR|71999
DFEA77A4-1262-35DF-E21F-203716D6AE9E|Roary Combs|Eget Ltd|16740411-2018|ultrices. Vivamus rhoncus. Donec|Gulfport|MS|94180
0850E28B-53A5-AAFD-7B0D-1A98E1150EAC|Rhiannon Marks|Gravida Incorporated|16240529-7801|dui|South Bend|IN|66374
DB4CA49F-6318-EE6E-ED37-1C00E313FC7A|Lydia Finch|Erat Company|16270914-0939|bibendum sed,|Atlanta|GA|19316
0FDAC097-0202-C1C7-9726-DB88139FD11D|Hop Valentine|Non Company|16680607-9858|Nulla facilisis. Suspendisse commodo tincidunt|Fort Worth|TX|13884
50FD2382-7BED-B993-3121-6ABED33874C3|Marvin Watkins|Sagittis Institute|16521206-7614|Nulla semper tellus|Jackson|MS|77382
E0B58D2D-26D3-8843-452A-237317EB58B9|Darius Mayer|Elementum Dui Quis Inc.|16340121-5359|ac mattis|Glendale|AZ|86198
E2D54EB0-F28D-3A3F-97AB-D7CFFEEA2170|Branden Reyes|Mi Foundation|16820104-7555|urna. Nullam|Kearney|NE|68915
23A04457-F440-E3C4-E3B2-0EA4046723D4|Emi Ward|Pellentesque Tellus Associates|16830919-3343|Aenean eget metus. In nec|Sacramento|CA|94324
EDAB388F-CE9B-CA22-1CCF-802D8A8237AC|Dane Chase|Torquent Per Conubia LLP|16790928-6556|scelerisque neque sed sem egestas|Denver|CO|25798
C8955B00-E588-9175-1232-B485A8939C2E|Finn Velazquez|Id Risus Quis LLC|16151006-4387|aliquet. Phasellus fermentum convallis|Nashville|TN|87243
6DD65609-CA0D-9CF7-469A-7C223E31BD21|Elijah Schultz|Lobortis Class Aptent Ltd|16650712-8319|Nullam|Joliet|IL|42489
6EC69A8E-3335-FD4B-37EB-E0E4322749BF|Basil Macdonald|Amet Orci Ut Industries|16630204-1055|convallis est, vitae sodales|North Las Vegas|NV|27738
019674CC-ED04-831F-DB93-038E3312EC8B|Grant Maxwell|Luctus Curabitur Associates|16540411-4364|nibh lacinia orci, consectetuer euismod|Vancouver|WA|48772
F01C5C27-92CA-DF7D-520F-16787979FDB7|Selma Riley|Vestibulum Neque LLC|16181027-0759|tellus.|Evansville|IN|33350
7B3298B0-C678-59AE-AA19-37BAA28174D4|Astra Warner|Scelerisque Lorem Institute|16380627-1494|Vivamus molestie dapibus|Mobile|AL|36449
4D660F0F-12C8-33BA-8E4B-86C4C21196EF|Sybil Hensley|Congue Turpis Associates|16611110-0571|aliquam|Dover|DE|95472
8FE3D415-C48E-8134-D26B-67025D7C2FA4|Joan Mullins|Pharetra Ut Company|16450530-8348|imperdiet|Biloxi|MS|77471
6BBA8F67-2DDD-2949-F0DB-9FC808ACF491|Murphy Pitts|Natoque LLC|16060708-6790|sed, est. Nunc|Dallas|TX|89292
95352058-8C1F-FC19-2818-A19F32983812|Eugenia Santana|Primis In Faucibus PC|16410422-6354|felis. Nulla tempor|Fresno|CA|94038
128686A7-33A4-EE84-DA42-54FFE2DF01EF|Kane Contreras|Donec Tempus Inc.|16870205-1015|Class aptent taciti sociosqu|Las Vegas|NV|43128
7159440E-C5D5-4846-10B6-39F1102B3DF5|Vanna Griffin|Nunc Foundation|16111127-5663|luctus,|Juneau|AK|99837
71969F5E-48C4-F456-2567-5B368EE122F5|Lani Townsend|Non Sapien Molestie Ltd|16010818-7774|in, dolor. Fusce|Cleveland|OH|44827
EC5B325A-B498-E5A4-5EB9-9E7D1E25A69B|Drake Adkins|Suspendisse Tristique Neque Foundation|16600829-7779|non quam.|Waterbury|CT|77539
FDC02F16-84CC-1FAB-1404-380086055146|Savannah Harmon|Adipiscing Associates|16510326-0575|lectus quis massa. Mauris vestibulum,|Philadelphia|PA|21510
C8907CC2-CDB4-FABE-BF9A-618990DD0F51|Ian Wallace|Amet Faucibus Ut Associates|16260208-1412|posuere|Hillsboro|OR|37918
862512BB-D607-1328-1078-3FA5EF8E5A2F|Amery Williamson|Magnis LLC|16891026-7924|Duis mi enim,|Bear|DE|84797
D9FC279E-EF57-C7B1-9D05-D74C07A2F6C4|Blair Craft|Amet Lorem Corp.|16060803-1480|neque venenatis|Biloxi|MS|72354
7EDA48FA-619C-9531-22A3-DDCA6742BCC6|Orlando Hebert|Nulla In Corporation|16490720-9920|dictum|Cheyenne|WY|18684
0A99E4AB-3D89-633F-9020-E0C69BDC15CD|Quynn Powell|Duis Consulting|16120527-9506|risus. Quisque libero|Salem|OR|20990
A87D9EC7-CB7B-0C2B-5551-9FCB4F797DC0|Noelani Riggs|Eget Lacus LLP|16290326-1812|purus mauris|Kaneohe|HI|88904
CB1DCF1F-9413-6330-08C2-7AE4DFB1D4DC|Kennedy Atkinson|Nulla In Foundation|16820818-5820|a sollicitudin orci sem|Metairie|LA|65439
F2E2EBC1-59E4-1421-1EA2-52EDC4F464BE|Dexter Bryan|Arcu Foundation|16950924-1650|imperdiet nec,|Newark|DE|25642
8EB57C95-A9BC-0A80-BCA3-8DBF2644998C|Hammett Gallegos|Vivamus Nisi Mauris Incorporated|16271012-7651|luctus. Curabitur egestas nunc sed|Lawton|OK|24788
B9B069B6-DB30-DF0B-352A-FB99CEE072BB|Rhoda Levy|Dui Institute|16821204-2876|tempus risus. Donec egestas.|Milwaukee|WI|36434
5B04C85F-8B0D-ADF0-3C5B-1D95DA962580|Belle Cotton|Lacinia Orci PC|16370202-7412|lobortis|Fayetteville|AR|72133
9A063C34-0F3D-5239-66CA-5E51E4556C93|Hector Roy|Erat Volutpat Nulla Industries|16421029-9725|Nullam nisl. Maecenas|Provo|UT|76016
D0F0380E-2295-85E0-1B1E-9C75AEC9F45C|Grant Kane|A Felis Inc.|16600118-9387|arcu. Curabitur ut odio|Auburn|ME|41104
BA5019FC-28C4-5CE5-F701-58E28C8896D3|Nora Osborn|Est Ac Ltd|16250527-9535|cubilia Curae;|North Las Vegas|NV|64761
8DC53C49-1942-7B42-B47D-B27BD932082A|Madeline Mcbride|Vel Arcu Curabitur Company|16170628-3965|facilisis, magna tellus faucibus|Louisville|KY|40697
A233C982-AC45-0BDC-5E04-00E34C0D25B8|Elizabeth Watkins|Gravida Nunc LLC|16390822-0217|et, rutrum non, hendrerit id,|Jefferson City|MO|50810
A375CDE8-7E07-FE0D-10C1-99B056714855|Howard Morton|Diam Industries|16230221-9106|non, hendrerit id, ante.|Rochester|MN|17182
F51D2408-CCC9-DA9E-DE33-5E648F7346C9|Jelani Jones|Curabitur Vel Ltd|16390315-8339|mus. Proin vel arcu eu|Omaha|NE|51973
37603C56-4E48-7E73-8343-5B5E8311E897|Kenneth Reyes|Curae; Donec LLC|16890401-6352|tempor|Newark|DE|40041
53ABB1FE-8D00-A4F7-17EF-B48719648D4A|Ryan Reilly|Enim LLC|16510503-2584|vel, venenatis vel, faucibus id,|Burlington|VT|20387
7A23893F-5C47-BAF2-FA0A-3515443CFF73|Barbara Cook|Donec Elementum Lorem Incorporated|16651130-9814|diam. Proin dolor. Nulla semper|Auburn|ME|60412